name,datetime,tempmax,tempmin,temp,feelslikemax,feelslikemin,feelslike,dew,humidity,precip,precipprob,precipcover,preciptype,snow,snowdepth,windgust,windspeed,winddir,sealevelpressure,cloudcover,visibility,solarradiation,solarenergy,uvindex,severerisk,sunrise,sunset,moonphase,conditions,description,icon,stations
Las Vegas,2023-01-02,11.5,5.8,8.8,11.5,3.5,7.5,-3.9,41.2,0.191,100,4.17,rain,0,0,56.4,26.6,327.2,1011.4,36.8,16,127.8,11,6,10,2023-01-02T06:51:56,2023-01-02T16:37:32,0.36,"Rain, Partially cloudy",Partly cloudy throughout the day with late afternoon rain.,rain,"KLAS,CMP12,74614023112,KLSV,72386023169,KVGT,72484653123"
Las Vegas,2023-01-03,12,5.9,8.6,12,3.8,7.6,2.8,67.8,0,0,0,,0,0,22.3,13.8,51.7,1017.3,61.7,16,107.3,9.2,6,10,2023-01-03T06:52:03,2023-01-03T16:38:20,0.39,Partially cloudy,Partly cloudy throughout the day.,partly-cloudy-day,"KLAS,CMP12,74614023112,KLSV,72386023169,KVGT,72484653123"
Las Vegas,2023-01-04,10.5,6.2,8.5,10.5,4.2,7.9,4.5,76.1,0,0,0,,0,0,13,13.1,106.9,1022.7,87,16,39.2,3.3,3,10,2023-01-04T06:52:08,2023-01-04T16:39:10,0.43,Partially cloudy,Partly cloudy throughout the day.,partly-cloudy-day,"KLAS,CMP12,74614023112,KLSV,72386023169,KVGT,72484653123"
Las Vegas,2023-01-05,11.4,7.6,9.5,11.4,6.6,8.9,6.2,80.2,2.392,100,20.83,rain,0,0,46.8,23.4,98.5,1017.3,71.4,15.7,37,3.1,2,10,2023-01-05T06:52:12,2023-01-05T16:40:01,0.46,"Rain, Partially cloudy",Partly cloudy throughout the day with afternoon rain.,rain,"KLAS,CMP12,74614023112,KLSV,72386023169,KVGT,72484653123"
Las Vegas,2023-01-06,15.1,4.1,9.1,15.1,2.8,8.2,2.5,65.1,0,0,0,,0,0,13,15.8,321.7,1023.6,3.9,16,131.6,11.3,6,10,2023-01-06T06:52:13,2023-01-06T16:40:53,0.5,Clear,Clear conditions throughout the day.,clear-day,"KLAS,CMP12,74614023112,KLSV,72386023169,KVGT,72484653123"
Las Vegas,2023-01-07,12.5,3.1,7.9,12.5,0.6,7.3,2.2,68.2,0,0,0,,0,0,11.2,11.3,36.9,1025,20.7,16,86.7,7.2,4,10,2023-01-07T06:52:13,2023-01-07T16:41:46,0.53,Partially cloudy,Partly cloudy throughout the day.,partly-cloudy-day,"KLAS,CMP12,74614023112,KLSV,72386023169,KVGT,72484653123"
Las Vegas,2023-01-08,13.7,3.8,8.8,13.7,2.8,8.4,2.3,65.2,0,0,0,,0,0,13,17.1,96.2,1022.3,26.4,16,107,9.1,5,10,2023-01-08T06:52:10,2023-01-08T16:42:40,0.56,Partially cloudy,Clearing in the afternoon.,partly-cloudy-day,"KLAS,CMP12,74614023112,KLSV,72386023169,KVGT,72484653123"
Las Vegas,2023-01-09,13.7,8.7,10.7,13.7,8.7,10.7,3.3,60.5,0.773,100,12.5,rain,0,0,31.7,14.4,38.4,1018.5,91.1,16,42.8,3.6,2,10,2023-01-09T06:52:06,2023-01-09T16:43:35,0.6,"Rain, Overcast",Cloudy skies throughout the day with late afternoon rain.,rain,"KLAS,CMP12,74614023112,KLSV,72386023169,KVGT,72484653123"
Las Vegas,2023-01-10,16.3,9.4,11.5,16.3,7,11.4,3,56.3,3.455,100,16.67,rain,0,0,63,35.4,214.5,1013.3,56.7,15.7,53.2,4.5,5,10,2023-01-10T06:52:00,2023-01-10T16:44:31,0.63,"Rain, Partially cloudy",Partly cloudy throughout the day with rain.,rain,"KLAS,CMP12,74614023112,KLSV,72386023169,KVGT,72484653123"
Las Vegas,2023-01-11,13.1,3.4,8.4,13.1,1.4,7.7,0.3,58.1,0,0,0,,0,0,24.1,13.2,355.5,1023.6,13.6,16,124.7,10.7,6,10,2023-01-11T06:51:51,2023-01-11T16:45:27,0.66,Clear,Clear conditions throughout the day.,clear-day,"KLAS,CMP12,74614023112,KLSV,72386023169,KVGT,72484653123"
Las Vegas,2023-01-12,14.6,3.3,8.7,14.6,1.4,8.1,0.4,58.2,0,0,0,,0,0,13,8.3,312.3,1028.8,16.4,16,116.1,10,6,10,2023-01-12T06:51:41,2023-01-12T16:46:25,0.7,Clear,Clear conditions throughout the day.,clear-day,"KLAS,CMP12,74614023112,KLSV,72386023169,KVGT,72484653123"
Las Vegas,2023-01-13,14.3,4.8,9.4,14.3,3.9,9.2,-0.1,52.9,0,0,0,rain,0,0,9.4,9.9,44.9,1023.1,20,16,90.4,7.7,4,10,2023-01-13T06:51:28,2023-01-13T16:47:23,0.73,Clear,Partly cloudy throughout the day.,clear-day,"KLAS,CMP12,74614023112,KLSV,72386023169,KVGT,72484653123"
Las Vegas,2023-01-14,13,6.1,9.1,13,4.6,8.2,2.9,66.1,2.615,100,25,rain,0,0,46.4,20.1,106.8,1012.1,58,16,41.9,3.4,2,10,2023-01-14T06:51:14,2023-01-14T16:48:22,0.75,"Rain, Partially cloudy",Partly cloudy throughout the day with rain.,rain,"KLAS,CMP12,74614023112,KLSV,72386023169,KVGT,72484653123"
Las Vegas,2023-01-15,13.7,8.8,11.1,13.7,5.4,10.4,1.6,52.9,0,0,0,rain,0,0,50.5,33.2,206.2,1004.9,37.7,16,85.4,7.5,4,10,2023-01-15T06:50:58,2023-01-15T16:49:22,0.8,Partially cloudy,Partly cloudy throughout the day.,partly-cloudy-day,"KLAS,CMP12,74614023112,KLSV,72386023169,KVGT,72484653123"
Las Vegas,2023-01-16,15.3,7.6,10.7,15.3,5.7,9.9,2.6,61.4,2.697,100,41.67,rain,0,0,71.5,47.3,229.6,1003.3,54.2,15.8,94.5,8.2,5,10,2023-01-16T06:50:40,2023-01-16T16:50:22,0.83,"Rain, Partially cloudy",Partly cloudy throughout the day with a chance of rain throughout the day.,rain,"KLAS,CMP12,74614023112,KLSV,72386023169,KVGT,72484653123"
Las Vegas,2023-01-17,11.7,6.5,9.2,11.7,3.8,7.3,-1.7,47.2,0,0,0,rain,0,0,52.4,31.4,310.7,1007.6,63.3,16,82.9,7.2,5,10,2023-01-17T06:50:20,2023-01-17T16:51:22,0.86,Partially cloudy,Partly cloudy throughout the day.,partly-cloudy-day,"KLAS,CMP12,74614023112,KLSV,72386023169,KVGT,72484653123"
Las Vegas,2023-01-18,11.9,3.5,7.6,11.9,0.1,5.8,-6.1,38.4,0,0,0,rain,0,0,51.8,22.3,342.4,1020.1,4.7,16,147.9,12.7,6,10,2023-01-18T06:49:58,2023-01-18T16:52:24,0.9,Clear,Clear conditions throughout the day.,clear-day,"KLAS,CMP12,74614023112,KLSV,72386023169,KVGT,72484653123"
Las Vegas,2023-01-19,9.6,1.8,5.4,8,-0.5,3.7,-2.9,56.1,0,0,0,,0,0,47.9,25.1,348.7,1018.6,38.2,16,96.8,8.3,6,10,2023-01-19T06:49:34,2023-01-19T16:53:25,0.93,Partially cloudy,Becoming cloudy in the afternoon.,partly-cloudy-day,"KLAS,CMP12,74614023112,KLSV,72386023169,KVGT,72484653123"
Las Vegas,2023-01-20,11.3,5.2,7.7,11.3,0.4,4.5,-7.3,34.7,0,0,0,,0,0,64.8,39.4,329.7,1022.8,24.5,16,151.5,13.3,7,10,2023-01-20T06:49:08,2023-01-20T16:54:27,0.97,Partially cloudy,Partly cloudy throughout the day.,partly-cloudy-day,"KLAS,CMP12,74614023112,KLSV,72386023169,KVGT,72484653123"
Las Vegas,2023-01-21,11.4,2.7,6.4,11.4,-0.8,4.5,-7.8,37,0,0,0,,0,0,44.6,23.7,16.3,1027.9,0,16,154.7,13.3,7,10,2023-01-21T06:48:40,2023-01-21T16:55:30,0,Clear,Clear conditions throughout the day.,clear-day,"KLAS,CMP12,74614023112,KLSV,72386023169,KVGT,72484653123"
Las Vegas,2023-01-22,11.8,0.1,5.4,11.8,-4.2,2.9,-9.1,37.3,0,0,0,,0,0,64.3,39.5,350.7,1017.8,16.5,16,155,13.5,7,10,2023-01-22T06:48:11,2023-01-22T16:56:32,0.03,Clear,Clear conditions throughout the day.,clear-day,"KLAS,CMP12,74614023112,KLSV,72386023169,KVGT,72484653123"
Las Vegas,2023-01-23,12.8,4.8,8.3,12.8,-0.4,5.2,-9.9,26.8,0,0,0,,0,0,61.3,37.4,345.7,1018.5,17.2,16,160.1,13.7,8,10,2023-01-23T06:47:39,2023-01-23T16:57:35,0.07,Clear,Clear conditions throughout the day.,clear-day,"KLAS,CMP12,74614023112,KLSV,F4443,72386023169,KVGT,72484653123"
Las Vegas,2023-01-24,15,3.2,9,15,-1.1,7.1,-8.4,29.6,0,0,0,,0,0,51.8,29.9,17.3,1027,0,16,159.2,13.7,7,10,2023-01-24T06:47:06,2023-01-24T16:58:39,0.1,Clear,Clear conditions throughout the day.,clear-day,"KLAS,CMP12,74614023112,KLSV,72386023169,KVGT,72484653123"
Las Vegas,2023-01-25,14.5,3.1,8.7,14.5,0,7.7,-7.2,32.7,0,0,0,,0,0,42.5,23.5,32.2,1029.5,13.8,16,155.3,13.3,7,10,2023-01-25T06:46:31,2023-01-25T16:59:42,0.13,Clear,Clear conditions throughout the day.,clear-day,"KLAS,CMP12,74614023112,KLSV,72386023169,KVGT,72484653123"
Las Vegas,2023-01-26,14.5,5.2,9,14.5,2.5,7.8,-6.5,34.4,0,0,0,,0,0,42.5,26.7,13.3,1032.2,7.1,16,160.3,13.9,7,10,2023-01-26T06:45:54,2023-01-26T17:00:46,0.17,Clear,Clear conditions throughout the day.,clear-day,"KLAS,CMP12,74614023112,KLSV,72386023169,KVGT,72484653123"
Las Vegas,2023-01-27,14.1,2,7.8,14.1,-0.8,7,-5.5,39.6,0,0,0,,0,0,11.2,11.1,327.9,1021.8,6.3,16,161.6,13.9,7,10,2023-01-27T06:45:16,2023-01-27T17:01:49,0.2,Clear,Clear conditions throughout the day.,clear-day,"KLAS,CMP12,74614023112,KLSV,72386023169,KVGT,72484653123"
Las Vegas,2023-01-28,14,1.8,7.8,14,1.8,7.4,-4.3,43.8,0,0,0,,0,0,9.4,9.1,356.4,1015.1,2.9,16,161.5,13.8,7,10,2023-01-28T06:44:36,2023-01-28T17:02:53,0.25,Clear,Clear conditions throughout the day.,clear-day,"KLAS,CMP12,74614023112,KLSV,72386023169,KVGT,72484653123"
Las Vegas,2023-01-29,15.2,3,9.3,15.2,1.6,8.7,-3.4,42.3,0,0,0,,0,0,46.8,27.6,195.6,1009,24,16,158.9,13.8,7,10,2023-01-29T06:43:54,2023-01-29T17:03:57,0.27,Partially cloudy,Partly cloudy throughout the day.,partly-cloudy-day,"KLAS,CMP12,74614023112,KLSV,72386023169,KVGT,72484653123"
Las Vegas,2023-01-30,9.3,4.7,6.2,9.3,0.3,3.6,0.3,67.1,2.634,100,41.67,rain,0,0,42.2,24.6,17,1017.1,82.2,15.8,41,3.5,2,10,2023-01-30T06:43:10,2023-01-30T17:05:01,0.3,"Rain, Partially cloudy",Partly cloudy throughout the day with a chance of rain throughout the day.,rain,"KLAS,CMP12,74614023112,KLSV,72386023169,KVGT,72484653123"
Las Vegas,2023-01-31,10.3,1,5.2,10.3,-4.4,1.9,-14.3,24.1,0,0,0,,0,0,53.6,31.8,18.3,1024.7,4.7,16,171.5,14.8,7,10,2023-01-31T06:42:25,2023-01-31T17:06:05,0.33,Clear,Clear conditions throughout the day.,clear-day,"KLAS,CMP12,74614023112,KLSV,72386023169,KVGT,72484653123"
Las Vegas,2023-02-01,13,0.6,6.3,13,-2.8,4.9,-9.1,33.3,0,0,0,,0,0,31.7,12.1,338.2,1026,2.6,16,169.7,14.6,7,10,2023-02-01T06:41:38,2023-02-01T17:07:09,0.37,Clear,Clear conditions throughout the day.,clear-day,"KLAS,CMP12,74614023112,KLSV,72386023169,KVGT,72484653123"
Las Vegas,2023-02-02,15.2,1.7,8.5,15.2,0.4,8.2,-5,40.2,0,0,0,,0,0,11.2,14.9,1.5,1029.7,10.3,15.8,164,13.9,7,10,2023-02-02T06:40:50,2023-02-02T17:08:13,0.4,Clear,Clear conditions throughout the day.,clear-day,"KLAS,CMP12,74614023112,KLSV,72386023169,KVGT,72484653123"
Las Vegas,2023-02-03,16.1,4.6,10.3,16.1,3.8,10.1,-3.7,38.8,0,0,0,,0,0,9.4,15.8,77.3,1026,25.7,16,147.9,12.6,5,10,2023-02-03T06:40:00,2023-02-03T17:09:16,0.44,Partially cloudy,Partly cloudy throughout the day.,partly-cloudy-day,"KLAS,CMP12,74614023112,KLSV,72386023169,KVGT,72484653123"
Las Vegas,2023-02-04,16.7,4.4,10.7,16.7,2.6,10.3,-3.2,39.3,0,0,0,,0,0,9.4,9.7,15.7,1022.8,15.3,16,159.5,13.9,7,10,2023-02-04T06:39:08,2023-02-04T17:10:20,0.47,Clear,Clear conditions throughout the day.,clear-day,"KLAS,CMP12,74614023112,KLSV,72386023169,KVGT,72484653123"
Las Vegas,2023-02-05,18.9,7.1,12.9,18.9,4.9,12.5,-2.7,36.2,0,0,0,,0,0,63.1,41.1,247.6,1016.5,28.7,16,139.8,11.8,7,10,2023-02-05T06:38:15,2023-02-05T17:11:23,0.5,Partially cloudy,Clearing in the afternoon.,partly-cloudy-day,"KLAS,CMP12,74614023112,KLSV,72386023169,KVGT,72484653123"
Las Vegas,2023-02-06,15.7,9.1,12,15.7,5.6,11.6,-5.8,29.4,0,0,0,,0,0,61.9,36.7,340,1022,22.3,16,178.9,15.4,7,10,2023-02-06T06:37:21,2023-02-06T17:12:26,0.54,Partially cloudy,Partly cloudy throughout the day.,partly-cloudy-day,"KLAS,CMP12,74614023112,KLSV,72386023169,KVGT,72484653123"
Las Vegas,2023-02-07,15.8,6.9,11,15.8,2.8,9.6,-6.3,29.7,0,0,0,,0,0,50.4,31.2,340.4,1027.5,3.4,16,178.9,15.4,7,10,2023-02-07T06:36:25,2023-02-07T17:13:29,0.57,Clear,Clear conditions throughout the day.,clear-day,"KLAS,CMP12,74614023112,KLSV,72386023169,KVGT,72484653123"
Las Vegas,2023-02-08,18.1,5,11.4,18.1,3.6,11.1,-4.1,34.9,0,0,0,,0,0,11.2,11.5,348.7,1025.8,9.8,16,176.4,15.1,7,10,2023-02-08T06:35:28,2023-02-08T17:14:32,0.61,Clear,Clear conditions throughout the day.,clear-day,"KLAS,CMP12,74614023112,KLSV,72386023169,KVGT,72484653123"
Las Vegas,2023-02-09,15.2,6.6,10.7,15.2,4,10.1,-10.6,23.2,0,0,0,,0,0,52.8,32.9,51.4,1029.8,1.5,16,186.3,16,8,10,2023-02-09T06:34:29,2023-02-09T17:15:35,0.64,Clear,Clear conditions throughout the day.,clear-day,"KLAS,CMP12,74614023112,KLSV,72386023169,KVGT,72484653123"
Las Vegas,2023-02-10,15.5,2.1,8.9,15.5,0.1,8.5,-11.8,23.8,0,0,0,,0,0,14.8,23.6,58.7,1026.7,7.9,16,187,16.3,8,10,2023-02-10T06:33:29,2023-02-10T17:16:37,0.67,Clear,Clear conditions throughout the day.,clear-day,"KLAS,CMP12,74614023112,KLSV,72386023169,KVGT,72484653123"
Las Vegas,2023-02-11,17.1,6.6,11,17.1,4.7,10.5,-10.9,21.3,0,0,0,,0,0,31.7,19.2,106,1014.1,22.5,16,164.3,14.3,7,10,2023-02-11T06:32:28,2023-02-11T17:17:39,0.71,Partially cloudy,Partly cloudy throughout the day.,partly-cloudy-day,"KLAS,CMP12,74614023112,KLSV,72386023169,KVGT,72484653123"
Las Vegas,2023-02-12,19.6,6.8,13.4,19.6,5.2,12.9,-9.1,21.5,0,0,0,,0,0,51.8,25,9.3,1012.3,22.7,16,145.8,12.6,6,10,2023-02-12T06:31:25,2023-02-12T17:18:41,0.74,Partially cloudy,Partly cloudy throughout the day.,partly-cloudy-day,"KLAS,CMP12,74614023112,KLSV,72386023169,KVGT,72484653123"
Las Vegas,2023-02-13,18,8.2,13.6,18,8.2,13.6,-6.6,24.7,0,0,0,,0,0,38.9,20.6,10.2,1008.3,14,15.9,180.2,15.4,8,10,2023-02-13T06:30:21,2023-02-13T17:19:43,0.75,Clear,Clear conditions throughout the day.,clear-day,"KLAS,CMP12,74614023112,KLSV,72386023169,KVGT,72484653123"
Las Vegas,2023-02-14,11.5,3.8,7.3,11.5,-3.1,4.3,-5.8,41.6,0.294,100,4.17,rain,0,0,90.7,54.9,327.1,1005.4,40.2,15.4,79.8,6.8,5,10,2023-02-14T06:29:16,2023-02-14T17:20:44,0.81,"Rain, Partially cloudy",Partly cloudy throughout the day with afternoon rain.,rain,"KLAS,CMP12,74614023112,KLSV,72386023169,KVGT,72484653123"
Las Vegas,2023-02-15,12.7,2.4,7,12.7,-2.3,3.8,-15.5,19.6,0,0,0,,0,0,63.8,37.9,342.5,1018.6,9.6,16,205.7,17.6,8,10,2023-02-15T06:28:10,2023-02-15T17:21:45,0.85,Clear,Clear conditions throughout the day.,clear-day,"KLAS,CMP12,74614023112,KLSV,72386023169,KVGT,72484653123"
Las Vegas,2023-02-16,10.1,0.8,5.7,10.1,-1.7,3.4,-14.7,22.2,0,0,0,,0,0,27.7,18.4,41.2,1028.5,7.1,16,205.5,17.5,8,10,2023-02-16T06:27:03,2023-02-16T17:22:46,0.88,Clear,Clear conditions throughout the day.,clear-day,"KLAS,CMP12,74614023112,KLSV,72386023169,KVGT,72484653123"
Las Vegas,2023-02-17,13.1,2.7,7.4,13.1,-0.1,6,-13.9,21.6,0,0,0,,0,0,37.1,17.4,334,1023.7,22.1,16,170.9,14.8,7,10,2023-02-17T06:25:54,2023-02-17T17:23:46,0.92,Partially cloudy,Partly cloudy throughout the day.,partly-cloudy-day,"KLAS,CMP12,74614023112,KLSV,72386023169,KVGT,72484653123"
Las Vegas,2023-02-18,16.5,2.5,9.1,16.5,0.2,8.4,-10.8,24.4,0,0,0,,0,0,11.2,12.8,332.5,1019.7,13.9,16,200.5,17.1,8,10,2023-02-18T06:24:44,2023-02-18T17:24:46,0.95,Clear,Clear conditions throughout the day.,clear-day,"KLAS,CMP12,74614023112,KLSV,72386023169,KVGT,72484653123"
Las Vegas,2023-02-19,19,4.1,10.9,19,2.1,10.4,-8.6,26.3,0,0,0,,0,0,11.2,9.6,322,1019.6,8.6,16,207.2,17.8,8,10,2023-02-19T06:23:34,2023-02-19T17:25:46,0,Clear,Clear conditions throughout the day.,clear-day,"KLAS,CMP12,74614023112,KLSV,72386023169,KVGT,72484653123"
Las Vegas,2023-02-20,21,5.7,12.8,21,4.4,12.4,-8.2,23.9,0,0,0,,0,0,9.4,14.3,328.8,1019,7.5,16,200.2,17.2,8,10,2023-02-20T06:22:22,2023-02-20T17:26:45,0.02,Clear,Clear conditions throughout the day.,clear-day,"KLAS,CMP12,74614023112,KLSV,72386023169,KVGT,72484653123"
Las Vegas,2023-02-21,21.5,6.7,14.2,21.5,5.2,14,-5.2,27.1,0,0,0,,0,0,83.2,46.7,216.2,1001.2,30,14.4,145.3,12.4,8,10,2023-02-21T06:21:10,2023-02-21T17:27:44,0.05,Partially cloudy,Partly cloudy throughout the day.,partly-cloudy-day,"KLAS,CMP12,74614023112,KLSV,72386023169,KVGT,72484653123"
Las Vegas,2023-02-22,10.6,3.8,6.8,10.6,0,3.8,-7.3,37.3,0.068,100,4.17,rain,0,0,76.4,38.7,274.8,1000.2,45.3,15.8,161.5,13.9,7,10,2023-02-22T06:19:56,2023-02-22T17:28:43,0.08,"Rain, Partially cloudy",Partly cloudy throughout the day with afternoon rain.,rain,"KLAS,CMP12,74614023112,KLSV,72386023169,KVGT,72484653123"
Las Vegas,2023-02-23,9.8,3.3,6,6.6,-0.9,2.3,-5.4,44.3,0.068,100,4.17,rain,0,0,58,35.3,196.2,1011.6,41.2,16,170.4,14.6,7,10,2023-02-23T06:18:41,2023-02-23T17:29:41,0.12,"Rain, Partially cloudy",Partly cloudy throughout the day with late afternoon rain.,rain,"KLAS,CMP12,74614023112,KLSV,72386023169,KVGT,72484653123"
Las Vegas,2023-02-24,10.2,2.7,6.9,10.2,-1.3,4.9,-1.6,54.7,0,0,0,,0,0,46.4,27.6,110,1018.1,61.3,16,60.8,5.3,2,10,2023-02-24T06:17:26,2023-02-24T17:30:39,0.15,Partially cloudy,Partly cloudy throughout the day.,partly-cloudy-day,"KLAS,CMP12,74614023112,KLSV,72386023169,KVGT,72484653123"
Las Vegas,2023-02-25,16.2,5,10.1,16.2,1.1,8.7,0.2,53.3,6.015,100,25,rain,0,0,52.8,33.1,125,1012.3,82.7,15.1,105.4,9.1,5,10,2023-02-25T06:16:10,2023-02-25T17:31:36,0.18,"Rain, Partially cloudy",Partly cloudy throughout the day with rain.,rain,"KLAS,CMP12,74614023112,KLSV,72386023169,KVGT,72484653123"
Las Vegas,2023-02-26,11,2.2,7.1,11,-1.1,5.2,-1.2,58.3,0,0,0,,0,0,40.7,23.3,199.4,1014.5,27.4,16,230.6,19.9,9,10,2023-02-26T06:14:53,2023-02-26T17:32:34,0.21,Partially cloudy,Partly cloudy throughout the day.,partly-cloudy-day,"KLAS,CMP12,74614023112,KLSV,72386023169,KVGT,72484653123"
Las Vegas,2023-02-27,15,4.4,10.1,15,1.6,8.6,-1.6,45.4,0,0,0,,0,0,57.5,40,197.7,1014.1,32.4,16,206,17.7,9,10,2023-02-27T06:13:35,2023-02-27T17:33:31,0.25,Partially cloudy,Partly cloudy throughout the day.,partly-cloudy-day,"KLAS,CMP12,74614023112,KLSV,72386023169,KVGT,72484653123"
Las Vegas,2023-02-28,12.8,6.4,10,12.8,4.1,8.6,-3.6,39.1,0,0,0,,0,0,63.1,40.1,213.4,1010.9,43.4,16,192.4,16.4,8,10,2023-02-28T06:12:16,2023-02-28T17:34:27,0.28,Partially cloudy,Becoming cloudy in the afternoon.,partly-cloudy-day,"KLAS,CMP12,74614023112,KLSV,72386023169,KVGT,72484653123"
Las Vegas,2023-03-01,9.7,4.8,7.3,7,0,4.1,-0.9,57.5,5.818,100,12.5,rain,0,0,55.4,31.9,200.5,1003.5,68.1,15.3,138,11.9,8,10,2023-03-01T06:10:57,2023-03-01T17:35:24,0.31,"Rain, Partially cloudy",Partly cloudy throughout the day with morning rain.,rain,"KLAS,CMP12,74614023112,KLSV,72386023169,KVGT,72484653123"
Las Vegas,2023-03-02,14.2,6.2,9.7,14.2,1.1,7.5,-6.5,33,0,0,0,,0,0,67.1,40.9,339.7,1015.4,8.8,16,234.9,20.2,9,10,2023-03-02T06:09:37,2023-03-02T17:36:20,0.35,Clear,Clear conditions throughout the day.,clear-day,"KLAS,CMP12,74614023112,KLSV,72386023169,KVGT,72484653123"
Las Vegas,2023-03-03,14.7,3,9.1,14.7,1.6,8.6,-4.6,39.2,0,0,0,,0,0,25.9,12.5,25.5,1015.1,7.1,16,229.7,19.9,9,10,2023-03-03T06:08:16,2023-03-03T17:37:15,0.38,Clear,Clear conditions throughout the day.,clear-day,"KLAS,CMP12,74614023112,KLSV,72386023169,KVGT,72484653123"
Las Vegas,2023-03-04,18.2,5.4,11.7,18.2,4.6,11.4,-3.1,39.1,0,0,0,,0,0,64.8,41.7,201.9,1009.4,15.3,16,214.4,18.2,10,10,2023-03-04T06:06:55,2023-03-04T17:38:11,0.41,Clear,Clear conditions throughout the day.,clear-day,"KLAS,CMP12,74614023112,KLSV,72386023169,KVGT,72484653123"
Las Vegas,2023-03-05,15.4,8.1,11.4,15.4,3.9,10.1,-3.4,35.9,0,0,0,,0,0,64,38.7,202.3,1010.9,19.3,16,189.3,16.3,9,10,2023-03-05T06:05:33,2023-03-05T17:39:06,0.44,Clear,Clear conditions throughout the day.,clear-day,"KLAS,CMP12,74614023112,KLSV,72386023169,KVGT,72484653123"
Las Vegas,2023-03-06,14.1,7.6,11,14.1,5,9.7,-4.2,35.7,0,0,0,,0,0,55.4,31.8,203.1,1015.7,21,16,203.8,17.5,9,10,2023-03-06T06:04:11,2023-03-06T17:40:01,0.48,Partially cloudy,Partly cloudy throughout the day.,partly-cloudy-day,"KLAS,CMP12,74614023112,KLSV,72386023169,KVGT,72484653123"
Las Vegas,2023-03-07,16,5.6,11,16,2.9,10.3,-4.5,34.9,0,0,0,,0,0,29.5,15.8,6.8,1016.8,14.5,16,242.5,20.8,9,10,2023-03-07T06:02:48,2023-03-07T17:40:55,0.5,Clear,Clear conditions throughout the day.,clear-day,"KLAS,CMP12,74614023112,KLSV,72386023169,KVGT,72484653123"
Las Vegas,2023-03-08,17.3,5.9,11.2,17.3,3.9,10.5,-7.2,29.5,0,0,0,,0,0,64.8,38.6,282.8,1015.5,19.5,16,187.5,16.2,8,10,2023-03-08T06:01:24,2023-03-08T17:41:49,0.55,Clear,Clear conditions throughout the day.,clear-day,"KLAS,CMP12,74614023112,KLSV,72386023169,KVGT,72484653123"
Las Vegas,2023-03-09,19,4.7,12.7,19,3,12.3,-8,24.9,0,0,0,,0,0,27.7,19.5,117,1017.9,23.3,16,237.4,20.4,9,10,2023-03-09T06:00:00,2023-03-09T17:42:43,0.58,Partially cloudy,Partly cloudy throughout the day.,partly-cloudy-day,"KLAS,CMP12,74614023112,KLSV,72386023169,KVGT,72484653123"
Las Vegas,2023-03-10,20.7,16.8,18.4,20.7,16.8,18.4,3.8,40.1,0,0,0,,0,0,88.9,38.1,187.1,1009.8,66.7,16,89.4,7.7,6,10,2023-03-10T05:58:36,2023-03-10T17:43:37,0.62,Partially cloudy,Partly cloudy throughout the day.,partly-cloudy-day,"KLAS,CMP12,74614023112,KLSV,72386023169,KVGT,72484653123"
Las Vegas,2023-03-11,24,14.5,19,24,14.5,19,4.5,40.6,0,0,0,,0,0,59,37.1,251.1,1010.3,17.1,16,189.1,16.3,8,10,2023-03-11T05:57:11,2023-03-11T17:44:30,0.65,Clear,Clear conditions throughout the day.,clear-day,"KLAS,CMP12,74614023112,KLSV,72386023169,KVGT,72484653123"
Las Vegas,2023-03-12,22.6,10.4,17.1,22.6,10.4,17.1,1.6,37.7,0,0,0,,0,0,33.5,14.6,243.5,1014.6,15.9,16,230.6,19.1,9,10,2023-03-12T06:55:46,2023-03-12T18:45:24,0.69,Clear,Clear conditions throughout the day.,clear-day,"KLAS,CMP12,74614023112,KLSV,72386023169,KVGT,72484653123"
Las Vegas,2023-03-13,22.6,11.4,17.1,22.6,11.4,17.1,0.1,32.7,0,0,0,,0,0,25.9,14.7,21.6,1015.2,10.7,16,240.5,20.8,9,10,2023-03-13T06:54:20,2023-03-13T18:46:17,0.72,Clear,Clear conditions throughout the day.,clear-day,"KLAS,CMP12,74614023112,KLSV,72386023169,KVGT,72484653123"
Las Vegas,2023-03-14,18.7,13.7,15.7,18.7,13.7,15.7,5.6,52.2,1.262,100,16.67,rain,0,0,44.6,24.1,171.7,1013.5,64.9,15.9,53.5,4.7,2,10,2023-03-14T06:52:55,2023-03-14T18:47:09,0.75,"Rain, Partially cloudy",Partly cloudy throughout the day with afternoon rain.,rain,"KLAS,CMP12,74614023112,KLSV,72386023169,KVGT,72484653123"
Las Vegas,2023-03-15,20.2,11.8,15.5,20.2,11.8,15.5,6.8,56.7,0.545,100,8.33,rain,0,0,68.5,40.9,197,1009.5,71.5,16,145.6,12.3,8,10,2023-03-15T06:51:29,2023-03-15T18:48:02,0.79,"Rain, Partially cloudy",Partly cloudy throughout the day with afternoon rain.,rain,"KLAS,CMP12,74614023112,KLSV,72386023169,KVGT,72484653123"
Las Vegas,2023-03-16,16.8,9.3,12.7,16.8,6.8,12.6,-2.9,37.6,0,0,0,,0,0,45.3,31.6,16.6,1016.1,17.8,16,265.8,22.9,9,10,2023-03-16T06:50:02,2023-03-16T18:48:54,0.83,Clear,Clear conditions throughout the day.,clear-day,"KLAS,CMP12,74614023112,KLSV,72386023169,KVGT,72484653123"
Las Vegas,2023-03-17,17.7,6.5,12.3,17.7,4.5,11.9,-6,29.5,0,0,0,,0,0,35.3,25.7,31.8,1019.3,4.4,16,267.9,23,10,10,2023-03-17T06:48:36,2023-03-17T18:49:46,0.86,Clear,Clear conditions throughout the day.,clear-day,"KLAS,CMP12,74614023112,KLSV,72386023169,KVGT,72484653123"
Las Vegas,2023-03-18,17.9,7.5,12.9,17.9,5.8,12.7,-7.8,24.7,0,0,0,,0,0,37.1,23.8,60.3,1021.2,11.7,16,262.8,22.7,10,10,2023-03-18T06:47:09,2023-03-18T18:50:39,0.9,Clear,Clear conditions throughout the day.,clear-day,"KLAS,CMP12,74614023112,KLSV,72386023169,KVGT,72484653123"
Las Vegas,2023-03-19,15.6,9.9,11.8,15.6,9.9,11.8,-1.9,41.5,0.176,100,8.33,rain,0,0,41.5,25,65.4,1015.4,65.2,16,70.5,6.1,4,10,2023-03-19T06:45:42,2023-03-19T18:51:30,0.93,"Rain, Partially cloudy",Partly cloudy throughout the day with afternoon rain.,rain,"KLAS,CMP12,74614023112,KLSV,72386023169,KVGT,72484653123"
Las Vegas,2023-03-20,19.4,9.5,13.8,19.4,8,13.6,3.3,52.4,0,0,0,,0,0,50,32.1,170.5,1008.5,46.7,16,198,17,8,10,2023-03-20T06:44:15,2023-03-20T18:52:22,0.97,Partially cloudy,Becoming cloudy in the afternoon.,partly-cloudy-day,"KLAS,CMP12,74614023112,KLSV,72386023169,KVGT,72484653123"
Las Vegas,2023-03-21,15,9.2,11.8,15,6.9,11.5,4.4,61.6,2.566,100,29.17,rain,0,0,68.8,36.5,150.8,1004.8,76.4,15.2,82.8,7.1,3,10,2023-03-21T06:42:48,2023-03-21T18:53:14,0,"Rain, Partially cloudy",Partly cloudy throughout the day with a chance of rain throughout the day.,rain,"KLAS,CMP12,74614023112,KLSV,72386023169,KVGT,72484653123"
Las Vegas,2023-03-22,16.3,8,11.7,16.3,4,10.5,-1.4,42.7,1.027,100,8.33,rain,0,0,59.4,35.2,231.7,1011.1,31.2,15.9,244.5,21.1,10,10,2023-03-22T06:41:21,2023-03-22T18:54:05,0.03,"Rain, Partially cloudy",Partly cloudy throughout the day with early morning rain.,rain,"KLAS,CMP12,74614023112,KLSV,72386023169,KVGT,72484653123"
Las Vegas,2023-03-23,16,7,12,16,5.8,11.7,1,48.9,0,0,0,,0,0,51.8,24.1,265.8,1017.7,30.9,16,231.9,19.9,10,10,2023-03-23T06:39:54,2023-03-23T18:54:56,0.07,Partially cloudy,Partly cloudy throughout the day.,partly-cloudy-day,"KLAS,CMP12,74614023112,KLSV,72386023169,KVGT,72484653123"
Las Vegas,2023-03-24,17.8,7.2,12.3,17.8,3.8,11.3,-3.9,37.1,0,0,0,,0,0,73.1,40.3,328.9,1018.4,14.7,16,248.5,21.2,10,10,2023-03-24T06:38:26,2023-03-24T18:55:48,0.1,Clear,Clear conditions throughout the day.,clear-day,"KLAS,CMP12,74614023112,KLSV,72386023169,KVGT,72484653123"
Las Vegas,2023-03-25,14.3,7.9,11.1,14.3,5,10.5,-10.6,21,0,0,0,,0,0,42.5,25.9,47.1,1018.4,34.1,16,275.4,23.7,10,10,2023-03-25T06:36:59,2023-03-25T18:56:39,0.13,Partially cloudy,Clearing in the afternoon.,partly-cloudy-day,"KLAS,CMP12,74614023112,KLSV,72386023169,KVGT,72484653123"
Las Vegas,2023-03-26,15,6.5,10.6,15,4.2,9.7,-9.2,25.1,0,0,0,,0,0,63,32.5,334.2,1017.9,29.2,16,260.6,22.3,9,10,2023-03-26T06:35:32,2023-03-26T18:57:30,0.16,Partially cloudy,Becoming cloudy in the afternoon.,partly-cloudy-day,"KLAS,CMP12,74614023112,KLSV,72386023169,KVGT,72484653123"
Las Vegas,2023-03-27,14.2,4.3,9.4,14.2,0,7.8,-14.5,18.6,0,0,0,,0,0,51.5,24.7,20,1026,6.6,16,304.3,26.2,10,10,2023-03-27T06:34:05,2023-03-27T18:58:21,0.2,Clear,Clear conditions throughout the day.,clear-day,"KLAS,CMP12,74614023112,KLSV,72386023169,KVGT,72484653123"
Las Vegas,2023-03-28,20.7,7.1,13.8,20.7,5.2,13.4,-12.6,15.9,0,0,0,,0,0,40.7,27.8,122.4,1017.5,21.1,16,291.5,25.2,10,10,2023-03-28T06:32:38,2023-03-28T18:59:12,0.25,Partially cloudy,Partly cloudy throughout the day.,partly-cloudy-day,"KLAS,CMP12,74614023112,KLSV,72386023169,KVGT,72484653123"
Las Vegas,2023-03-29,18.6,10.6,15,18.6,10.6,15,-3.5,29.8,0.176,100,4.17,rain,0,0,60.3,38.4,204.8,1007.1,51.7,16,162.8,14,10,10,2023-03-29T06:31:11,2023-03-29T19:00:02,0.26,"Rain, Partially cloudy",Partly cloudy throughout the day with late afternoon rain.,rain,"KLAS,CMP12,74614023112,KLSV,72386023169,KVGT,72484653123"
Las Vegas,2023-03-30,13.4,6.5,9.7,13.4,5.9,9.1,-2.3,43.9,0.034,100,4.17,rain,0,0,60.8,32.4,244.3,1009.6,37.5,15.9,130.6,11.1,9,10,2023-03-30T06:29:44,2023-03-30T19:00:53,0.29,"Rain, Partially cloudy",Partly cloudy throughout the day with afternoon rain.,rain,"KLAS,CMP12,74614023112,KLSV,72386023169,KVGT,72484653123"
Las Vegas,2023-03-31,18.8,3.4,11.2,18.8,2.1,10.9,-2.9,42.9,0,0,0,,0,0,40.7,20.3,94.9,1020.7,4.9,16,298.7,25.9,10,10,2023-03-31T06:28:18,2023-03-31T19:01:44,0.33,Clear,Clear conditions throughout the day.,clear-day,"KLAS,CMP12,74614023112,KLSV,72386023169,KVGT,72484653123"
Las Vegas,2023-04-01,22.3,6.4,14.9,22.3,5.7,14.6,-6.2,25.3,0,0,0,,0,0,33.5,13.7,21.7,1018.6,12,16,292.3,25.3,10,10,2023-04-01T06:26:51,2023-04-01T19:02:35,0.36,Clear,Clear conditions throughout the day.,clear-day,"KLAS,CMP12,74614023112,KLSV,72386023169,KVGT,72484653123"
Las Vegas,2023-04-02,24.9,9.4,17.7,24.9,8.1,17.6,-5,22.1,0,0,0,,0,0,56.5,39.9,230.4,1010.3,5.2,16,298.6,25.7,10,10,2023-04-02T06:25:25,2023-04-02T19:03:25,0.39,Clear,Clear conditions throughout the day.,clear-day,"KLAS,CMP12,74614023112,KLSV,72386023169,KVGT,72484653123"
Las Vegas,2023-04-03,17.9,7,12.9,17.9,2.4,12,-4.1,31.6,0,0,0,,0,0,82.4,56.2,255.6,1002.7,28.3,16,223.4,19.3,10,10,2023-04-03T06:24:00,2023-04-03T19:04:16,0.42,Partially cloudy,Becoming cloudy in the afternoon.,wind,"KLAS,CMP12,74614023112,KLSV,72386023169,KVGT,72484653123"
Las Vegas,2023-04-04,13.6,4.9,9.1,13.6,-0.4,6.7,-14.9,18.2,0,0,0,,0,0,59,37,316.4,1014.9,11.6,16,331.2,28.5,10,10,2023-04-04T06:22:34,2023-04-04T19:05:07,0.45,Clear,Clear conditions throughout the day.,clear-day,"KLAS,CMP12,74614023112,KLSV,72386023169,KVGT,72484653123"
Las Vegas,2023-04-05,15,4.3,9.8,15,0.6,8.6,-13.6,18.9,0,0,0,,0,0,31.7,20.9,26.9,1022,4.2,16,326.9,28,10,10,2023-04-05T06:21:09,2023-04-05T19:05:57,0.5,Clear,Clear conditions throughout the day.,clear-day,"KLAS,CMP12,74614023112,KLSV,72386023169,KVGT,72484653123"
Las Vegas,2023-04-06,18.8,5.6,12.4,18.8,3.6,11.9,-11.9,18.7,0,0,0,,0,0,40.7,22.4,37.3,1021.3,7.8,16,329.4,28.6,10,10,2023-04-06T06:19:44,2023-04-06T19:06:48,0.52,Clear,Clear conditions throughout the day.,clear-day,"KLAS,CMP12,74614023112,KLSV,72386023169,KVGT,72484653123"
Las Vegas,2023-04-07,24,7.9,16,24,6.3,15.7,-8.9,18.6,0,0,0,,0,0,38.9,25.1,177.6,1015.3,21.1,16,287,24.7,10,10,2023-04-07T06:18:20,2023-04-07T19:07:39,0.56,Partially cloudy,Partly cloudy throughout the day.,partly-cloudy-day,"KLAS,CMP12,74614023112,KLSV,72386023169,KVGT,72484653123"
Las Vegas,2023-04-08,25.8,12.3,19.7,25.8,12.3,19.7,-2.1,23.4,0,0,0,,0,0,35.3,17.9,83.4,1014.5,17.9,16,284.1,24.5,10,10,2023-04-08T06:16:56,2023-04-08T19:08:30,0.59,Clear,Clear conditions throughout the day.,clear-day,"KLAS,CMP12,74614023112,KLSV,72386023169,KVGT,72484653123"
Las Vegas,2023-04-09,29.2,13.5,21.7,27.5,13.5,21.3,-1.7,22.6,0,0,0,,0,0,29.5,19.1,349.4,1019.1,5,16,309.8,26.8,10,10,2023-04-09T06:15:33,2023-04-09T19:09:20,0.63,Clear,Clear conditions throughout the day.,clear-day,"KLAS,CMP12,74614023112,KLSV,72386023169,KVGT,72484653123"
Las Vegas,2023-04-10,32.4,14.8,24,30.1,14.8,23.2,-2.7,18.9,0,0,0,,0,0,28.2,14.4,14.8,1017.2,0.2,16,312.3,26.9,10,10,2023-04-10T06:14:10,2023-04-10T19:10:11,0.66,Clear,Clear conditions throughout the day.,clear-day,"KLAS,CMP12,74614023112,KLSV,72386023169,KVGT,72484653123"
Las Vegas,2023-04-11,34,16,25.1,31.5,16,24.2,-2.4,17.6,0,0,0,,0,0,47.9,26.3,265.7,1011.2,5.8,16,283.1,24.4,10,10,2023-04-11T06:12:47,2023-04-11T19:11:02,0.7,Clear,Clear conditions throughout the day.,clear-day,"KLAS,CMP12,74614023112,KLSV,F4443,72386023169,KVGT,72484653123"
Las Vegas,2023-04-12,28.5,20.6,24.9,27,20.6,24.4,-1.5,18.4,0,0,0,,0,0,50,31.3,203.6,1003.3,23.3,16,193.5,16.8,7,10,2023-04-12T06:11:25,2023-04-12T19:11:53,0.74,Partially cloudy,Partly cloudy throughout the day.,partly-cloudy-day,"KLAS,CMP12,74614023112,KLSV,F4443,72386023169,KVGT,72484653123"
Las Vegas,2023-04-13,25.5,17.2,21.5,25.5,17.2,21.5,-3.9,19.1,0,0,0,,0,0,54.6,29.2,256.4,999.8,13.7,16,312.1,26.8,10,10,2023-04-13T06:10:04,2023-04-13T19:12:44,0.75,Clear,Clear conditions throughout the day.,clear-day,"KLAS,CMP12,74614023112,KLSV,72386023169,KVGT,72484653123"
Las Vegas,2023-04-14,23.5,13.1,18.9,23.5,13.1,18.9,-9.4,14.3,0,0,0,,0,0,44.6,25.4,7,1008.1,7.2,15.7,334.1,28.9,10,10,2023-04-14T06:08:43,2023-04-14T19:13:35,0.81,Clear,Clear conditions throughout the day.,clear-day,"KLAS,CMP12,74614023112,KLSV,72386023169,KVGT,72484653123"
Las Vegas,2023-04-15,26,12.8,19.5,26,12.8,19.5,-10.2,13.2,0,0,0,,0,0,37.1,11.6,42.1,1017.6,0,16,337.3,29.3,10,10,2023-04-15T06:07:23,2023-04-15T19:14:26,0.84,Clear,Clear conditions throughout the day.,clear-day,"KLAS,CMP12,74614023112,KLSV,72386023169,KVGT,72484653123"
Las Vegas,2023-04-16,28.9,13.4,21.7,27.3,13.4,21.3,-7,15,0,0,0,,0,0,33.5,16.9,146.2,1015.3,9.9,16,322,27.7,10,10,2023-04-16T06:06:04,2023-04-16T19:15:17,0.88,Clear,Clear conditions throughout the day.,clear-day,"KLAS,CMP12,74614023112,KLSV,72386023169,KVGT,72484653123"
Las Vegas,2023-04-17,29.8,15.8,23.1,28.1,15.8,22.6,-6.8,14.7,0,0,0,,0,0,61.5,36.7,217.9,1006.2,13,16,339.6,29.3,10,10,2023-04-17T06:04:45,2023-04-17T19:16:08,0.91,Clear,Clear conditions throughout the day.,clear-day,"KLAS,CMP12,74614023112,KLSV,72386023169,KVGT,72484653123"
Las Vegas,2023-04-18,25.8,16.4,20.9,25.8,16.4,20.9,-7.8,14.7,0,0,0,,0,0,65.2,41.7,217.6,1003.7,17.8,15.9,320.4,27.4,10,10,2023-04-18T06:03:27,2023-04-18T19:16:59,0.95,Clear,Clear conditions throughout the day.,clear-day,"KLAS,CMP12,74614023112,KLSV,72386023169,KVGT,72484653123"
Las Vegas,2023-04-19,20.9,13.1,16.8,20.9,13.1,16.8,-12.6,13,0,0,0,,0,0,54.4,29.8,338.9,1013.4,5.5,16,347.7,30,10,10,2023-04-19T06:02:09,2023-04-19T19:17:50,0,Clear,Clear conditions throughout the day.,clear-day,"KLAS,CMP12,74614023112,KLSV,72386023169,KVGT,72484653123"
Las Vegas,2023-04-20,23.2,11.7,17.7,23.2,11.7,17.7,-13.1,11.4,0,0,0,,0,0,37.1,25.9,29.3,1021.2,4.5,16,351,30.5,10,10,2023-04-20T06:00:53,2023-04-20T19:18:42,0.02,Clear,Clear conditions throughout the day.,clear-day,"KLAS,CMP12,74614023112,KLSV,72386023169,KVGT,72484653123"
Las Vegas,2023-04-21,30.3,12.9,21.3,28.3,12.9,20.9,-6,16.1,0,0,0,,0,0,40.7,19,47.4,1019.3,15.4,16,334.3,28.9,10,10,2023-04-21T05:59:37,2023-04-21T19:19:33,0.05,Clear,Clear conditions throughout the day.,clear-day,"KLAS,CMP12,74614023112,KLSV,72386023169,KVGT,72484653123"
Las Vegas,2023-04-22,28,19.5,23.9,26.6,19.5,23.7,-1.2,19.3,0,0,0,,0,0,34.6,20.2,52.8,1012.9,16.1,16,342,29.4,10,10,2023-04-22T05:58:22,2023-04-22T19:20:24,0.08,Clear,Clear conditions throughout the day.,clear-day,"KLAS,CMP12,74614023112,KLSV,72386023169,KVGT,72484653123"
Las Vegas,2023-04-23,29.5,17.4,23.6,27.8,17.4,23.1,-0.9,20.5,0,0,0,,0,0,38.9,19.6,150.5,1007.6,18.8,16,290.5,24.9,10,10,2023-04-23T05:57:08,2023-04-23T19:21:16,0.12,Clear,Clear conditions throughout the day.,clear-day,"KLAS,CMP12,74614023112,KLSV,72386023169,KVGT,72484653123"
Las Vegas,2023-04-24,32.3,19.2,25.4,30.1,19.2,24.7,-1.4,19.1,0,0,0,,0,0,47.5,21.1,307.7,1006.2,10.7,16,342.4,29.6,10,10,2023-04-24T05:55:55,2023-04-24T19:22:07,0.15,Clear,Clear conditions throughout the day.,clear-day,"KLAS,CMP12,74614023112,KLSV,72386023169,KVGT,72484653123"
Las Vegas,2023-04-25,27,20.3,23.7,26.5,20.3,23.5,-8.8,11.1,0,0,0,,0,0,63.2,38.4,355.2,1009.8,4.8,16,358.7,30.9,10,10,2023-04-25T05:54:43,2023-04-25T19:22:58,0.18,Clear,Clear conditions throughout the day.,clear-day,"KLAS,CMP12,74614023112,KLSV,72386023169,KVGT,72484653123"
Las Vegas,2023-04-26,29.2,15.3,22.6,27.5,15.3,22.3,-4.1,17.2,0,0,0,,0,0,31.7,26.6,37.7,1015.1,4.4,16,353.4,30.5,10,10,2023-04-26T05:53:31,2023-04-26T19:23:50,0.21,Clear,Clear conditions throughout the day.,clear-day,"KLAS,CMP12,74614023112,KLSV,72386023169,KVGT,72484653123"
Las Vegas,2023-04-27,32.9,17.2,25,30.6,17.2,24.2,-5.7,13.8,0,0,0,,0,0,33.5,17.2,358.5,1012.1,17.2,16,340.8,29.3,10,10,2023-04-27T05:52:21,2023-04-27T19:24:41,0.25,Clear,Clear conditions throughout the day.,clear-day,"KLAS,CMP12,74614023112,KLSV,72386023169,KVGT,72484653123"
Las Vegas,2023-04-28,32.2,22,26.8,30,22,25.9,-5.9,11.8,0,0,0,,0,0,56.6,35.4,47.6,1013.8,6.5,16,357.3,30.7,10,10,2023-04-28T05:51:11,2023-04-28T19:25:33,0.28,Clear,Clear conditions throughout the day.,clear-day,"KLAS,CMP12,74614023112,KLSV,72386023169,KVGT,72484653123"
Las Vegas,2023-04-29,35.6,17.6,27.1,32.8,17.6,25.9,-6.1,12,0,0,0,,0,0,27.7,14.8,101.1,1014.1,3.1,16,352.4,30.3,10,10,2023-04-29T05:50:03,2023-04-29T19:26:24,0.31,Clear,Clear conditions throughout the day.,clear-day,"KLAS,CMP12,74614023112,KLSV,72386023169,KVGT,72484653123"
Las Vegas,2023-04-30,36.1,19.3,28.4,33.2,19.3,27,-5.7,11.2,0,0,0,,0,0,47.1,28.1,222.4,1006.9,10.8,15.7,341.5,29.4,10,10,2023-04-30T05:48:56,2023-04-30T19:27:16,0.34,Clear,Clear conditions throughout the day.,clear-day,"KLAS,CMP12,74614023112,KLSV,72386023169,KVGT,72484653123"
Las Vegas,2023-05-01,32.3,20.1,26.5,30.1,20.1,25.6,-5.2,13,0,0,0,,0,0,64.2,45.4,189.5,1000.5,12.3,16,349.3,30,10,10,2023-05-01T05:47:50,2023-05-01T19:28:07,0.37,Clear,Clear conditions throughout the day.,clear-day,"KLAS,CMP12,74614023112,KLSV,72386023169,KVGT,72484653123"
Las Vegas,2023-05-02,25.9,13.4,20.2,25.9,13.4,20.2,-3.8,22,0,0,0,,0,0,63,33.4,170.7,1006.3,12.5,16,342.2,29.4,10,10,2023-05-02T05:46:45,2023-05-02T19:28:58,0.41,Clear,Clear conditions throughout the day.,clear-day,"KLAS,CMP12,74614023112,KLSV,72386023169,KVGT,72484653123"
Las Vegas,2023-05-03,26.5,13.7,21.2,26.5,13.7,21.2,-6,16,0,0,0,,0,0,54.5,35.5,179.6,1006.1,14,16,312,27,10,10,2023-05-03T05:45:41,2023-05-03T19:29:49,0.44,Clear,Clear conditions throughout the day.,clear-day,"KLAS,CMP12,74614023112,KLSV,72386023169,KVGT,72484653123"
Las Vegas,2023-05-04,19.9,14.7,17.7,19.9,14.7,17.7,-1.7,27.1,0,0,0,,0,0,60,38.6,217.7,1007.8,45.2,16,325.3,28.2,10,10,2023-05-04T05:44:38,2023-05-04T19:30:41,0.47,Partially cloudy,Partly cloudy throughout the day.,partly-cloudy-day,"KLAS,CMP12,74614023112,KLSV,72386023169,KVGT,72484653123"
Las Vegas,2023-05-05,22.9,14,18.5,22.9,14,18.5,-1.5,26.8,0,0,0,,0,0,41.9,27.9,206.8,1011.5,16.6,16,359.2,31.2,10,10,2023-05-05T05:43:36,2023-05-05T19:31:32,0.5,Clear,Clear conditions throughout the day.,clear-day,"KLAS,CMP12,74614023112,KLSV,72386023169,KVGT,72484653123"
Las Vegas,2023-05-06,23.9,14.2,19.4,23.9,14.2,19.4,-1,26.7,0,0,0,,0,0,51.1,34.9,200.6,1012,23,16,302.4,26,10,10,2023-05-06T05:42:36,2023-05-06T19:32:23,0.54,Partially cloudy,Partly cloudy throughout the day.,partly-cloudy-day,"KLAS,CMP12,74614023112,KLSV,72386023169,KVGT,72484653123"
Las Vegas,2023-05-07,27.6,14.6,21.2,26.4,14.6,21.1,-1.4,23.4,0,0,0,,0,0,47.5,27.6,205.2,1012.4,11,16,359.6,30.8,10,10,2023-05-07T05:41:37,2023-05-07T19:33:13,0.57,Clear,Clear conditions throughout the day.,clear-day,"KLAS,CMP12,74614023112,KLSV,72386023169,KVGT,72484653123"
Las Vegas,2023-05-08,29.3,15.9,23.6,27.7,15.9,23.1,-3.8,18.3,0,0,0,,0,0,54,35.7,208.4,1009.8,2.5,16,372.7,32.1,10,10,2023-05-08T05:40:39,2023-05-08T19:34:04,0.61,Clear,Clear conditions throughout the day.,clear-day,"KLAS,CMP12,74614023112,KLSV,72386023169,KVGT,72484653123"
Las Vegas,2023-05-09,30,14.9,23.3,28.2,14.9,22.9,-10.2,10.8,0,0,0,,0,0,49.7,28.5,217.3,1008.1,17.1,16,356.2,30.6,10,10,2023-05-09T05:39:42,2023-05-09T19:34:54,0.65,Clear,Clear conditions throughout the day.,clear-day,"KLAS,CMP12,74614023112,KLSV,72386023169,KVGT,72484653123"
Las Vegas,2023-05-10,28.3,17.8,23.6,26.8,17.8,23.3,-3,17.7,0,0,0,,0,0,37.2,22.4,225,1006.7,13.2,16,362,31.2,10,10,2023-05-10T05:38:47,2023-05-10T19:35:45,0.68,Clear,Clear conditions throughout the day.,clear-day,"KLAS,CMP12,74614023112,KLSV,72386023169,KVGT,72484653123"
Las Vegas,2023-05-11,30.1,16.9,24.2,28.2,16.9,23.6,-1.5,19.1,0,0,0,,0,0,31.7,13.6,300.6,1010.7,4.6,16,358.5,30.9,10,10,2023-05-11T05:37:53,2023-05-11T19:36:35,0.72,Clear,Clear conditions throughout the day.,clear-day,"KLAS,CMP12,74614023112,KLSV,72386023169,KVGT,72484653123"
Las Vegas,2023-05-12,32.6,20.2,26.9,30.3,20.2,25.8,-2,15.5,0,0,0,,0,0,43,23.6,28.1,1011.7,3.3,16,361.4,31.2,10,10,2023-05-12T05:37:01,2023-05-12T19:37:25,0.75,Clear,Clear conditions throughout the day.,clear-day,"KLAS,CMP12,74614023112,KLSV,72386023169,KVGT,72484653123"
Las Vegas,2023-05-13,33.2,23.2,28.7,30.8,23.2,27.4,-1.7,14.3,0,0,0,,0,0,55.4,35.3,352.7,1009.6,5.8,16,348.7,30.2,10,10,2023-05-13T05:36:10,2023-05-13T19:38:14,0.79,Clear,Clear conditions throughout the day.,clear-day,"KLAS,CMP12,74614023112,KLSV,72386023169,KVGT,72484653123"
Las Vegas,2023-05-14,34.2,21.5,28.3,31.7,21.5,27.1,1.9,20.2,0,0,0,,0,0,40.9,20.7,114.3,1011.7,9,16,348.5,30.3,10,10,2023-05-14T05:35:20,2023-05-14T19:39:03,0.83,Clear,Clear conditions throughout the day.,clear-day,"KLAS,CMP12,74614023112,KLSV,72386023169,KVGT,72484653123"
Las Vegas,2023-05-15,35.4,21.9,29.6,32.7,21.9,28.2,2.4,18.8,0,0,0,,0,0,24.1,20.6,45.3,1015.8,11.4,16,338.9,29.1,10,10,2023-05-15T05:34:32,2023-05-15T19:39:52,0.86,Clear,Clear conditions throughout the day.,clear-day,"KLAS,CMP12,74614023112,KLSV,72386023169,KVGT,72484653123"
Las Vegas,2023-05-16,34.7,25.4,29.9,32.3,25.4,28.5,4.7,20.8,0,0,0,,0,0,69.9,38,338.7,1013.9,27.5,16,266,22.8,10,10,2023-05-16T05:33:45,2023-05-16T19:40:41,0.9,Partially cloudy,Partly cloudy throughout the day.,partly-cloudy-day,"KLAS,CMP12,74614023112,KLSV,72386023169,KVGT,72484653123"
Las Vegas,2023-05-17,35.9,23.4,28.9,33.2,23.4,27.7,6.3,25.8,0,0,0,,0,0,66.6,27.7,356.1,1010.7,25.9,16,309.5,26.7,10,10,2023-05-17T05:33:00,2023-05-17T19:41:29,0.93,Partially cloudy,Partly cloudy throughout the day.,partly-cloudy-day,"KLAS,E0607,CMP12,74614023112,KLSV,72386023169,KVGT,72484653123"
Las Vegas,2023-05-18,36.5,22.7,29.6,33.8,22.7,28.3,5.5,23.5,0,0,0,,0,0,59.4,26.6,129,1009,10.1,16,340.5,29.3,10,10,2023-05-18T05:32:16,2023-05-18T19:42:17,0.97,Clear,Clear conditions throughout the day.,clear-day,"KLAS,CMP12,74614023112,KLSV,72386023169,KVGT,72484653123"
Las Vegas,2023-05-19,35.7,24,29.8,33.4,24,28.5,6.6,23.9,0,0,0,,0,0,69.7,40.5,313.9,1012.1,18.3,16,315.8,27.2,10,10,2023-05-19T05:31:34,2023-05-19T19:43:04,0,Clear,Clear conditions throughout the day.,clear-day,"KLAS,CMP12,74614023112,KLSV,72386023169,KVGT,72484653123"
Las Vegas,2023-05-20,33.9,23.8,28.3,31.8,23.8,27.5,9.5,31.9,0,0,0,,0,0,54.6,38.7,120,1015,24,16,323.6,27.9,10,10,2023-05-20T05:30:53,2023-05-20T19:43:51,0.04,Partially cloudy,Partly cloudy throughout the day.,partly-cloudy-day,"KLAS,CMP12,74614023112,KLSV,72386023169,KVGT,72484653123"
Las Vegas,2023-05-21,34.9,22.6,29.1,32.5,22.6,27.9,7.4,27.7,0,0,0,,0,0,40.7,22.6,164.7,1012.6,11.2,16,336.7,28.9,10,10,2023-05-21T05:30:14,2023-05-21T19:44:37,0.07,Clear,Clear conditions throughout the day.,clear-day,"KLAS,CMP12,74614023112,KLSV,72386023169,KVGT,72484653123"
Las Vegas,2023-05-22,35.4,24.3,30.5,32.8,24.3,29,5,21.4,0,0,0,,0,0,43.8,23.7,239.6,1009.1,16.5,16,319.4,27.5,10,10,2023-05-22T05:29:36,2023-05-22T19:45:23,0.1,Clear,Clear conditions throughout the day.,clear-day,"KLAS,CMP12,74614023112,KLSV,72386023169,KVGT,72484653123"
Las Vegas,2023-05-23,35.6,24.1,30.4,32.8,24.1,28.9,3.6,20.1,0,0,0,,0,0,48.8,30.6,153.7,1006.7,10,16,265.5,23.1,10,10,2023-05-23T05:29:00,2023-05-23T19:46:08,0.13,Clear,Clear conditions throughout the day.,clear-day,"KLAS,CMP12,74614023112,KLSV,72386023169,KVGT,72484653123"
Las Vegas,2023-05-24,34.6,24.1,29.9,32,24.1,28.3,-4.5,11.2,0,0,0,,0,0,49.4,31.7,189.5,1005,12.3,16,375.4,32.4,10,10,2023-05-24T05:28:26,2023-05-24T19:46:52,0.17,Clear,Clear conditions throughout the day.,clear-day,"KLAS,CMP12,74614023112,KLSV,72386023169,KVGT,72484653123"
Las Vegas,2023-05-25,32.9,21.6,27.9,30.5,21.6,26.7,-4,12.9,0,0,0,,0,0,52.9,28.1,184.4,1004.3,12.7,16,320.4,27.9,10,10,2023-05-25T05:27:53,2023-05-25T19:47:36,0.2,Clear,Clear conditions throughout the day.,clear-day,"KLAS,CMP12,74614023112,KLSV,72386023169,KVGT,72484653123"
Las Vegas,2023-05-26,31.6,18.5,26.2,29.5,18.5,25.3,-4.5,13.6,0,0,0,,0,0,40.6,24.2,166.4,1005.7,3.3,16,367.8,31.9,10,10,2023-05-26T05:27:22,2023-05-26T19:48:20,0.23,Clear,Clear conditions throughout the day.,clear-day,"KLAS,CMP12,74614023112,KLSV,72386023169,KVGT,72484653123"
Las Vegas,2023-05-27,32.8,20.5,27.5,30.5,20.5,26.4,-1.6,15.4,0,0,0,,0,0,37.1,23,126.3,1007.7,3.1,15.9,356.9,30.8,10,10,2023-05-27T05:26:53,2023-05-27T19:49:02,0.25,Clear,Clear conditions throughout the day.,clear-day,"KLAS,CMP12,74614023112,KLSV,72386023169,KVGT,72484653123"
Las Vegas,2023-05-28,34.3,21.8,29.1,31.7,21.8,27.7,-1.3,14.7,0,0,0,,0,0,43.6,26.4,159.7,1006.9,3.1,16,358.6,31.1,10,10,2023-05-28T05:26:25,2023-05-28T19:49:44,0.29,Clear,Clear conditions throughout the day.,clear-day,"KLAS,CMP12,74614023112,KLSV,72386023169,KVGT,72484653123"
Las Vegas,2023-05-29,33.5,21.8,28.5,31.1,21.8,27.2,-1.8,14.5,0,0,0,,0,0,49,29.8,156.6,1007.9,5.4,16,361.9,31.3,10,10,2023-05-29T05:25:59,2023-05-29T19:50:25,0.33,Clear,Clear conditions throughout the day.,clear-day,"KLAS,CMP12,74614023112,KLSV,72386023169,KVGT,72484653123"
Las Vegas,2023-05-30,32.2,21.6,27.7,29.9,21.6,26.5,-2.7,13.8,0,0,0,,0,0,44.2,24.1,156.9,1007.1,8.6,16,360.3,31.1,10,10,2023-05-30T05:25:35,2023-05-30T19:51:05,0.36,Clear,Clear conditions throughout the day.,clear-day,"KLAS,CMP12,74614023112,KLSV,72386023169,KVGT,72484653123"
Las Vegas,2023-05-31,31.8,19.1,26.3,29.6,19.1,25.4,-1.1,17,0,0,0,,0,0,42.5,20.7,162.6,1004.2,11.9,16,334.7,28.9,10,10,2023-05-31T05:25:12,2023-05-31T19:51:44,0.39,Clear,Clear conditions throughout the day.,clear-day,"KLAS,CMP12,74614023112,KLSV,72386023169,KVGT,72484653123"
